Workbook

Sheet FDX
A1: 46071 | D1: GARCH Model (linked model) | H1: Mohanad Assali
A2: GARCH | B2: FDX
B4: Unconditional Variance | C4: =_xlfn.VAR.P(D16:D2056) -> 0.00048628536
B5: Omega ω | C5: 0.03007671
B6: Alpha α | C6: 0.099442289
B7: Beta β | C7: 0.90563654 | D7: figures can be found using the solver function in excel
G10: LOG L | H10: =SUM(H17:H257) -> -72.930898
B12: Daily Close price 2018-2026 | M12: Annualized Variance | P12: =C5+(C6*(E2056^2))+(C7*G2056) -> 0.14410118
B13: Date | C13: FDX | D13: Returns | E13: Return^2*252 | F13: Lagged | G13: Conditional Var | H13: Log likelihood | M13: Annualized Volatility | P13: =SQRT(P12) -> 0.37960661
M14: Daily Volatility | P14: =P13/SQRT(252) -> 0.023912969
B15: 43102 | C15: 224.5699
B16: 43103 | C16: 227.37703 | D16: =(C16-C15)/C15 -> 0.012500023 | E16: =D16^2*252 -> 0.039375144
B17: 43104 | C17: 230.91647 | D17: =(C17-C16)/C16 -> 0.01556641 | E17: =D17^2*252 -> 0.061062903 | F17: =E16 -> 0.039375144 | G17: =C4 -> 0.00048628536 | H17: =LN((1/SQRT(2*PI()*G17))*EXP(-0.5*E17/G17)) -> -59.889633
B18: 43105 | C18: 231.82309 | D18: =(C18-C17)/C17 -> 0.0039261652 | E18: =D18^2*252 -> 0.0038845227 | F18: =E17 -> 0.061062903 | G18: =($C$5+$C$6)*F17+($C$7*G17) -> 0.0055402271 | H18: =LN((1/SQRT(2*PI()*G18))*EXP(-0.5*E18/G18)) -> 1.328347
B19: 43108 | C19: 234.21175 | D19: =(C19-C18)/C18 -> 0.010303791 | E19: =D19^2*252 -> 0.026754362 | F19: =E18 -> 0.0038845227 | G19: =($C$5+$C$6)*F18+($C$7*G18) -> 0.012926238 | H19: =LN((1/SQRT(2*PI()*G19))*EXP(-0.5*E19/G19)) -> 0.22042363
B20: 43109 | C20: 233.41849 | D20: =(C20-C19)/C19 -> -0.0033869295 | E20: =D20^2*252 -> 0.0028907654 | F20: =E19 -> 0.026754362 | G20: =($C$5+$C$6)*F19+($C$7*G19) -> 0.012209593 | H20: =LN((1/SQRT(2*PI()*G20))*EXP(-0.5*E20/G20)) -> 1.1654472
B21: 43110 | C21: 233.64519 | D21: =(C21-C20)/C20 -> 0.00097121625 | E21: =D21^2*252 -> 0.00023770178 | F21: =E20 -> 0.0028907654 | G21: =($C$5+$C$6)*F20+($C$7*G20) -> 0.014522652 | H21: =LN((1/SQRT(2*PI()*G21))*EXP(-0.5*E21/G21)) -> 1.1889005
B22: 43111 | C22: 236.41742 | D22: =(C22-C21)/C21 -> 0.011865137 | E22: =D22^2*252 -> 0.035476929 | F22: =E21 -> 0.00023770178 | G22: =($C$5+$C$6)*F21+($C$7*G21) -> 0.013526653 | H22: =LN((1/SQRT(2*PI()*G22))*EXP(-0.5*E22/G22)) -> -0.0787632
B23: 43112 | C23: 236.99281 | D23: =(C23-C22)/C22 -> 0.0024338041 | E23: =D23^2*252 -> 0.0014926974 | F23: =E22 -> 0.035476929 | G23: =($C$5+$C$6)*F22+($C$7*G22) -> 0.012281018 | H23: =LN((1/SQRT(2*PI()*G23))*EXP(-0.5*E23/G23)) -> 1.2201391
B24: 43116 | C24: 235.01384 | D24: =(C24-C23)/C23 -> -0.0083503519 | E24: =D24^2*252 -> 0.017571551 | F24: =E23 -> 0.0014926974 | G24: =($C$5+$C$6)*F23+($C$7*G23) -> 0.015717075 | H24: =LN((1/SQRT(2*PI()*G24))*EXP(-0.5*E24/G24)) -> 0.59856968
B25: 43117 | C25: 236.67888 | D25: =(C25-C24)/C24 -> 0.0070848554 | E25: =D25^2*252 -> 0.012649184 | F25: =E24 -> 0.017571551 | G25: =($C$5+$C$6)*F24+($C$7*G24) -> 0.014427291 | H25: =LN((1/SQRT(2*PI()*G25))*EXP(-0.5*E25/G25)) -> 0.76200133
B26: 43118 | C26: 237.28046 | D26: =(C26-C25)/C25 -> 0.0025417467 | E26: =D26^2*252 -> 0.00162804 | F26: =E25 -> 0.012649184 | G26: =($C$5+$C$6)*F25+($C$7*G25) -> 0.015341731 | H26: =LN((1/SQRT(2*PI()*G26))*EXP(-0.5*E26/G26)) -> 1.1165916
B27: 43119 | C27: 239.14603 | D27: =(C27-C26)/C26 -> 0.0078622997 | E27: =D27^2*252 -> 0.015577571 | F27: =E26 -> 0.00162804 | G27: =($C$5+$C$6)*F26+($C$7*G26) -> 0.015532342 | H27: =LN((1/SQRT(2*PI()*G27))*EXP(-0.5*E27/G27)) -> 0.66202094
B28: 43122 | C28: 238.77119 | D28: =(C28-C27)/C27 -> -0.0015673777 | E28: =D28^2*252 -> 0.00061908157 | F28: =E27 -> 0.015577571 | G28: =($C$5+$C$6)*F27+($C$7*G27) -> 0.014277519 | H28: =LN((1/SQRT(2*PI()*G28))*EXP(-0.5*E28/G28)) -> 1.1839157
B29: 43123 | C29: 237.14093 | D29: =(C29-C28)/C28 -> -0.006827726 | E29: =D29^2*252 -> 0.011747696 | F29: =E28 -> 0.00061908157 | G29: =($C$5+$C$6)*F28+($C$7*G28) -> 0.014947834 | H29: =LN((1/SQRT(2*PI()*G29))*EXP(-0.5*E29/G29)) -> 0.78969943
... B257: 43452 | C257: 162.97208 | D257: =(C257-C256)/C256 -> 0.015477938 | E257: =D257^2*252 -> 0.060370771 | F257: =E256 -> 0.027405812 | G257: =($C$5+$C$6)*F256+($C$7*G256) -> 0.22898981 | H257: =LN((1/SQRT(2*PI()*G257))*EXP(-0.5*E257/G257)) -> -0.31371943
B258: 43453 | C258: 143.15227 | D258: =(C258-C257)/C257 -> -0.12161475 | E258: =D258^2*252 -> 3.7271174 | F258: =E257 -> 0.060370771 | G258: =($C$5+$C$6)*F257+($C$7*G257) -> 0.21093112
B259: 43454 | C259: 140.69461 | D259: =(C259-C258)/C258 -> -0.017168131 | E259: =D259^2*252 -> 0.074275669 | F259: =E258 -> 3.7271174 | G259: =($C$5+$C$6)*F258+($C$7*G258) -> 0.19884609 | H259: =LN((1/SQRT(2*PI()*G259))*EXP(-0.5*E259/G259)) -> -0.29809318
B260: 43455 | C260: 139.17949 | D260: =(C260-C259)/C259 -> -0.010768866 | E260: =D260^2*252 -> 0.029224058 | F260: =E259 -> 0.074275669 | G260: =($C$5+$C$6)*F259+($C$7*G259) -> 0.6628148 | H260: =LN((1/SQRT(2*PI()*G260))*EXP(-0.5*E260/G260)) -> -0.73535412
B261: 43458 | C261: 134.5108 | D261: =(C261-C260)/C260 -> -0.033544353 | E261: =D261^2*252 -> 0.28355635 | F261: =E260 -> 0.029224058 | G261: =($C$5+$C$6)*F260+($C$7*G260) -> 0.60988941 | H261: =LN((1/SQRT(2*PI()*G261))*EXP(-0.5*E261/G261)) -> -0.9041651
B262: 43460 | C262: 141.07341 | D262: =(C262-C261)/C261 -> 0.048788697 | E262: =D262^2*252 -> 0.59984491 | F262: =E261 -> 0.28355635 | G262: =($C$5+$C$6)*F261+($C$7*G261) -> 0.55612321 | H262: =LN((1/SQRT(2*PI()*G262))*EXP(-0.5*E262/G262)) -> -1.1648652
B263: 43461 | C263: 141.83978 | D263: =(C263-C262)/C262 -> 0.0054324389 | E263: =D263^2*252 -> 0.0074368709 | F263: =E262 -> 0.59984491 | G263: =($C$5+$C$6)*F262+($C$7*G262) -> 0.54037143 | H263: =LN((1/SQRT(2*PI()*G263))*EXP(-0.5*E263/G263)) -> -0.61807052
B264: 43462 | C264: 140.04274 | D264: =(C264-C263)/C263 -> -0.012669526 | E264: =D264^2*252 -> 0.040450257 | F264: =E263 -> 0.0074368709 | G264: =($C$5+$C$6)*F263+($C$7*G263) -> 0.56707143 | H264: =LN((1/SQRT(2*PI()*G264))*EXP(-0.5*E264/G264)) -> -0.67096946
B265: 43465 | C265: 142.11282 | D265: =(C265-C264)/C264 -> 0.014781799 | E265: =D265^2*252 -> 0.055062398 | F265: =E264 -> 0.040450257 | G265: =($C$5+$C$6)*F264+($C$7*G264) -> 0.51452383 | H265: =LN((1/SQRT(2*PI()*G265))*EXP(-0.5*E265/G265)) -> -0.64018994
B266: 43467 | C266: 143.75124 | D266: =(C266-C265)/C265 -> 0.011528956 | E266: =D266^2*252 -> 0.03349504 | F266: =E265 -> 0.055062398 | G266: =($C$5+$C$6)*F265+($C$7*G265) -> 0.47121066 | H266: =LN((1/SQRT(2*PI()*G266))*EXP(-0.5*E266/G266)) -> -0.57825499
B267: 43468 | C267: 138.46599 | D267: =(C267-C266)/C266 -> -0.036766625 | E267: =D267^2*252 -> 0.34064975 | F267: =E266 -> 0.03349504 | G267: =($C$5+$C$6)*F266+($C$7*G266) -> 0.43387722 | H267: =LN((1/SQRT(2*PI()*G267))*EXP(-0.5*E267/G267)) -> -0.89400637
B268: 43469 | C268: 144.84354 | D268: =(C268-C267)/C267 -> 0.04605859 | E268: =D268^2*252 -> 0.53459122 | F268: =E267 -> 0.34064975 | G268: =($C$5+$C$6)*F267+($C$7*G267) -> 0.3972733 | H268: =LN((1/SQRT(2*PI()*G268))*EXP(-0.5*E268/G268)) -> -1.1301986
B269: 43472 | C269: 146.86957 | D269: =(C269-C268)/C268 -> 0.013987725 | E269: =D269^2*252 -> 0.049305423 | F269: =E268 -> 0.53459122 | G269: =($C$5+$C$6)*F268+($C$7*G268) -> 0.40390584 | H269: =LN((1/SQRT(2*PI()*G269))*EXP(-0.5*E269/G269)) -> -0.52668757
B270: 43473 | C270: 147.12502 | D270: =(C270-C269)/C269 -> 0.0017392806 | E270: =D270^2*252 -> 0.00076232443 | F270: =E269 -> 0.049305423 | G270: =($C$5+$C$6)*F269+($C$7*G269) -> 0.43503161 | H270: =LN((1/SQRT(2*PI()*G270))*EXP(-0.5*E270/G270)) -> -0.50364641
... B444: 43725 | C444: 154.43726 | D444: =(C444-C443)/C443 -> -0.0015556917 | E444: =D444^2*252 -> 0.00060988451 | F444: =E443 -> 0.0023354443 | G444: =($C$5+$C$6)*F443+($C$7*G443) -> 0.14651569 | H444: =LN((1/SQRT(2*PI()*G444))*EXP(-0.5*E444/G444)) -> 0.039291566
B445: 43726 | C445: 134.48433 | D445: =(C445-C444)/C444 -> -0.12919762 | E445: =D445^2*252 -> 4.2063906 | F445: =E444 -> 0.00060988451 | G445: =($C$5+$C$6)*F444+($C$7*G444) -> 0.13299244
B446: 43727 | C446: 135.85669 | D446: =(C446-C445)/C445 -> 0.010204611 | E446: =D446^2*252 -> 0.026241788 | F446: =E445 -> 4.2063906 | G446: =($C$5+$C$6)*F445+($C$7*G445) -> 0.12052181 | H446: =LN((1/SQRT(2*PI()*G446))*EXP(-0.5*E446/G446)) -> 0.030156362
B447: 43728 | C447: 132.58607 | D447: =(C447-C446)/C446 -> -0.024074005 | E447: =D447^2*252 -> 0.14604854 | F447: =E446 -> 0.026241788 | G447: =($C$5+$C$6)*F446+($C$7*G446) -> 0.65395646 | H447: =LN((1/SQRT(2*PI()*G447))*EXP(-0.5*E447/G447)) -> -0.81824662
B448: 43731 | C448: 129.81465 | D448: =(C448-C447)/C447 -> -0.020902824 | E448: =D448^2*252 -> 0.11010587 | F448: =E447 -> 0.14604854 | G448: =($C$5+$C$6)*F447+($C$7*G447) -> 0.59564567 | H448: =LN((1/SQRT(2*PI()*G448))*EXP(-0.5*E448/G448)) -> -0.75230953
B449: 43732 | C449: 127.65804 | D449: =(C449-C448)/C448 -> -0.016612983 | E449: =D449^2*252 -> 0.069549782 | F449: =E448 -> 0.11010587 | G449: =($C$5+$C$6)*F448+($C$7*G448) -> 0.55835455 | H449: =LN((1/SQRT(2*PI()*G449))*EXP(-0.5*E449/G449)) -> -0.68983899
B450: 43733 | C450: 131.03552 | D450: =(C450-C449)/C449 -> 0.026457241 | E450: =D450^2*252 -> 0.17639637 | F450: =E449 -> 0.069549782 | G450: =($C$5+$C$6)*F449+($C$7*G449) -> 0.51992709 | H450: =LN((1/SQRT(2*PI()*G450))*EXP(-0.5*E450/G450)) -> -0.76154086
B451: 43734 | C451: 129.36015 | D451: =(C451-C450)/C450 -> -0.012785611 | E451: =D451^2*252 -> 0.041194908 | F451: =E450 -> 0.17639637 | G451: =($C$5+$C$6)*F450+($C$7*G450) -> 0.47987299 | H451: =LN((1/SQRT(2*PI()*G451))*EXP(-0.5*E451/G451)) -> -0.59474434
B452: 43735 | C452: 129.18192 | D452: =(C452-C451)/C451 -> -0.0013778425 | E452: =D452^2*252 -> 0.00047840938 | F452: =E451 -> 0.041194908 | G452: =($C$5+$C$6)*F451+($C$7*G451) -> 0.45743719 | H452: =LN((1/SQRT(2*PI()*G452))*EXP(-0.5*E452/G452)) -> -0.52840361
B453: 43738 | C453: 129.72552 | D453: =(C453-C452)/C452 -> 0.0042080938 | E453: =D453^2*252 -> 0.0044624295 | F453: =E452 -> 0.00047840938 | G453: =($C$5+$C$6)*F452+($C$7*G452) -> 0.41960736 | H453: =LN((1/SQRT(2*PI()*G453))*EXP(-0.5*E453/G453)) -> -0.49003799
B454: 43739 | C454: 126.22325 | D454: =(C454-C453)/C453 -> -0.026997567 | E454: =D454^2*252 -> 0.18367489 | F454: =E453 -> 0.0044624295 | G454: =($C$5+$C$6)*F453+($C$7*G453) -> 0.38007372 | H454: =LN((1/SQRT(2*PI()*G454))*EXP(-0.5*E454/G454)) -> -0.67687413
B455: 43740 | C455: 125.4569 | D455: =(C455-C454)/C454 -> -0.0060713837 | E455: =D455^2*252 -> 0.0092891484 | F455: =E454 -> 0.18367489 | G455: =($C$5+$C$6)*F454+($C$7*G454) -> 0.34478662 | H455: =LN((1/SQRT(2*PI()*G455))*EXP(-0.5*E455/G455)) -> -0.39999463
B456: 43741 | C456: 126.28566 | D456: =(C456-C455)/C455 -> 0.0066059199 | E456: =D456^2*252 -> 0.010996821 | F456: =E455 -> 0.0092891484 | G456: =($C$5+$C$6)*F455+($C$7*G455) -> 0.33604075 | H456: =LN((1/SQRT(2*PI()*G456))*EXP(-0.5*E456/G456)) -> -0.39003945
B457: 43742 | C457: 127.43525 | D457: =(C457-C456)/C456 -> 0.0091030885 | E457: =D457^2*252 -> 0.020882288 | F457: =E456 -> 0.010996821 | G457: =($C$5+$C$6)*F456+($C$7*G456) -> 0.30553391 | H457: =LN((1/SQRT(2*PI()*G457))*EXP(-0.5*E457/G457)) -> -0.36026471
... B668: 44049 | C668: 155.66187 | D668: =(C668-C667)/C667 -> 0.0031450007 | E668: =D668^2*252 -> 0.0024925395 | F668: =E667 -> 0.009358668 | G668: =($C$5+$C$6)*F667+($C$7*G667) -> 0.16285607 | H668: =LN((1/SQRT(2*PI()*G668))*EXP(-0.5*E668/G668)) -> -0.019146879
B669: 44050 | C669: 165.86525 | D669: =(C669-C668)/C668 -> 0.065548388 | E669: =D669^2*252 -> 1.082741 | F669: =E668 -> 0.0024925395 | G669: =($C$5+$C$6)*F668+($C$7*G668) -> 0.14870053
B670: 44053 | C670: 180.73189 | D670: =(C670-C669)/C669 -> 0.089630819 | E670: =D670^2*252 -> 2.0244883 | F670: =E669 -> 1.082741 | G670: =($C$5+$C$6)*F669+($C$7*G669) -> 0.13499147
B671: 44054 | C671: 177.54167 | D671: =(C671-C670)/C670 -> -0.01765165 | E671: =D671^2*252 -> 0.07851835 | F671: =E670 -> 2.0244883 | G671: =($C$5+$C$6)*F670+($C$7*G670) -> 0.26248874 | H671: =LN((1/SQRT(2*PI()*G671))*EXP(-0.5*E671/G671)) -> -0.39973016
B672: 44055 | C672: 182.52132 | D672: =(C672-C671)/C671 -> 0.028047752 | E672: =D672^2*252 -> 0.19824245 | F672: =E671 -> 0.07851835 | G672: =($C$5+$C$6)*F671+($C$7*G671) -> 0.49992909 | H672: =LN((1/SQRT(2*PI()*G672))*EXP(-0.5*E672/G672)) -> -0.7705646
B673: 44056 | C673: 184.23845 | D673: =(C673-C672)/C672 -> 0.0094078467 | E673: =D673^2*252 -> 0.02230391 | F673: =E672 -> 0.19824245 | G673: =($C$5+$C$6)*F672+($C$7*G672) -> 0.46292367 | H673: =LN((1/SQRT(2*PI()*G673))*EXP(-0.5*E673/G673)) -> -0.55793225
B674: 44057 | C674: 188.52226 | D674: =(C674-C673)/C673 -> 0.023251463 | E674: =D674^2*252 -> 0.13623889 | F674: =E673 -> 0.02230391 | G674: =($C$5+$C$6)*F673+($C$7*G673) -> 0.44491676 | H674: =LN((1/SQRT(2*PI()*G674))*EXP(-0.5*E674/G674)) -> -0.66711054
B675: 44060 | C675: 186.75089 | D675: =(C675-C674)/C674 -> -0.0093961187 | E675: =D675^2*252 -> 0.022248336 | F675: =E674 -> 0.13623889 | G675: =($C$5+$C$6)*F674+($C$7*G674) -> 0.40582165 | H675: =LN((1/SQRT(2*PI()*G675))*EXP(-0.5*E675/G675)) -> -0.49542925
B676: 44061 | C676: 187.04907 | D676: =(C676-C675)/C675 -> 0.0015967113 | E676: =D676^2*252 -> 0.00064247075 | F676: =E675 -> 0.022248336 | G676: =($C$5+$C$6)*F675+($C$7*G675) -> 0.38517244 | H676: =LN((1/SQRT(2*PI()*G676))*EXP(-0.5*E676/G676)) -> -0.44274047
B677: 44062 | C677: 187.87149 | D677: =(C677-C676)/C676 -> 0.0043968046 | E677: =D677^2*252 -> 0.0048716364 | F677: =E676 -> 0.00064247075 | G677: =($C$5+$C$6)*F676+($C$7*G676) -> 0.35170782 | H677: =LN((1/SQRT(2*PI()*G677))*EXP(-0.5*E677/G677)) -> -0.40338697
B678: 44063 | C678: 188.72105 | D678: =(C678-C677)/C677 -> 0.0045220464 | E678: =D678^2*252 -> 0.0051531237 | F678: =E677 -> 0.0048716364 | G678: =($C$5+$C$6)*F677+($C$7*G677) -> 0.31860267 | H678: =LN((1/SQRT(2*PI()*G678))*EXP(-0.5*E678/G678)) -> -0.35512035
B679: 44064 | C679: 190.23035 | D679: =(C679-C678)/C678 -> 0.0079974787 | E679: =D679^2*252 -> 0.016117836 | F679: =E678 -> 0.0051531237 | G679: =($C$5+$C$6)*F678+($C$7*G678) -> 0.28916919 | H679: =LN((1/SQRT(2*PI()*G679))*EXP(-0.5*E679/G679)) -> -0.32643608
B680: 44067 | C680: 196.4752 | D680: =(C680-C679)/C679 -> 0.032827874 | E680: =D680^2*252 -> 0.27157266 | F680: =E679 -> 0.016117836 | G680: =($C$5+$C$6)*F679+($C$7*G679) -> 0.26254961 | H680: =LN((1/SQRT(2*PI()*G680))*EXP(-0.5*E680/G680)) -> -0.76746444
B681: 44068 | C681: 193.68265 | D681: =(C681-C680)/C680 -> -0.014213278 | E681: =D681^2*252 -> 0.050908355 | F681: =E680 -> 0.27157266 | G681: =($C$5+$C$6)*F680+($C$7*G680) -> 0.23986209 | H681: =LN((1/SQRT(2*PI()*G681))*EXP(-0.5*E681/G681)) -> -0.31121301
B682: 44069 | C682: 195.00211 | D682: =(C682-C681)/C681 -> 0.006812474 | E682: =D682^2*252 -> 0.01169527 | F682: =E681 -> 0.050908355 | G682: =($C$5+$C$6)*F681+($C$7*G681) -> 0.25240169 | H682: =LN((1/SQRT(2*PI()*G682))*EXP(-0.5*E682/G682)) -> -0.25373978
... B786: 44222 | C786: 226.79137 | D786: =(C786-C785)/C785 -> -0.015030739 | E786: =D786^2*252 -> 0.056932627 | F786: =E785 -> 0.0014053289 | G786: =($C$5+$C$6)*F785+($C$7*G785) -> 0.065028208 | H786: =LN((1/SQRT(2*PI()*G786))*EXP(-0.5*E786/G786)) -> 0.0097752199
B787: 44223 | C787: 220.57814 | D787: =(C787-C786)/C786 -> -0.027396221 | E787: =D787^2*252 -> 0.18913933 | F787: =E786 -> 0.056932627 | G787: =($C$5+$C$6)*F786+($C$7*G786) -> 0.059073938
B788: 44224 | C788: 220.54184 | D788: =(C788-C787)/C787 -> -0.00016457052 | E788: =D788^2*252 -> 6.8250309e-06 | F788: =E787 -> 0.18913933 | G788: =($C$5+$C$6)*F787+($C$7*G787) -> 0.060873374 | H788: =LN((1/SQRT(2*PI()*G788))*EXP(-0.5*E788/G788)) -> 0.48048511
B789: 44225 | C789: 213.77449 | D789: =(C789-C788)/C788 -> -0.030685104 | E789: =D789^2*252 -> 0.23727705 | F789: =E788 -> 6.8250309e-06 | G789: =($C$5+$C$6)*F788+($C$7*G788) -> 0.079626289 | H789: =LN((1/SQRT(2*PI()*G789))*EXP(-0.5*E789/G789)) -> -1.1436747
B790: 44228 | C790: 217.31714 | D790: =(C790-C789)/C789 -> 0.016571895 | E790: =D790^2*252 -> 0.069206178 | F790: =E789 -> 0.23727705 | G790: =($C$5+$C$6)*F789+($C$7*G789) -> 0.072113361 | H790: =LN((1/SQRT(2*PI()*G790))*EXP(-0.5*E790/G790)) -> -0.084023527
B791: 44229 | C791: 220.2784 | D791: =(C791-C790)/C790 -> 0.013626435 | E791: =D791^2*252 -> 0.046791294 | F791: =E790 -> 0.069206178 | G791: =($C$5+$C$6)*F790+($C$7*G790) -> 0.096040381 | H791: =LN((1/SQRT(2*PI()*G791))*EXP(-0.5*E791/G791)) -> 0.008952547
B792: 44230 | C792: 219.17924 | D792: =(C792-C791)/C791 -> -0.0049898294 | E792: =D792^2*252 -> 0.0062743961 | F792: =E791 -> 0.046791294 | G792: =($C$5+$C$6)*F791+($C$7*G791) -> 0.095941193 | H792: =LN((1/SQRT(2*PI()*G792))*EXP(-0.5*E792/G792)) -> 0.22037221
B793: 44231 | C793: 225.38335 | D793: =(C793-C792)/C792 -> 0.028306063 | E793: =D793^2*252 -> 0.20191077 | F793: =E792 -> 0.0062743961 | G793: =($C$5+$C$6)*F792+($C$7*G792) -> 0.092948212 | H793: =LN((1/SQRT(2*PI()*G793))*EXP(-0.5*E793/G793)) -> -0.81722874
B794: 44232 | C794: 231.64201 | D794: =(C794-C793)/C793 -> 0.027768986 | E794: =D794^2*252 -> 0.19432138 | F794: =E793 -> 0.20191077 | G794: =($C$5+$C$6)*F793+($C$7*G793) -> 0.084989951 | H794: =LN((1/SQRT(2*PI()*G794))*EXP(-0.5*E794/G794)) -> -0.82952949
B795: 44235 | C795: 233.85844 | D795: =(C795-C794)/C794 -> 0.0095683448 | E795: =D795^2*252 -> 0.023071412 | F795: =E794 -> 0.19432138 | G795: =($C$5+$C$6)*F794+($C$7*G794) -> 0.10312129 | H795: =LN((1/SQRT(2*PI()*G795))*EXP(-0.5*E795/G795)) -> 0.10512077
B796: 44236 | C796: 235.38449 | D796: =(C796-C795)/C795 -> 0.0065255149 | E796: =D796^2*252 -> 0.010730751 | F796: =E795 -> 0.023071412 | G796: =($C$5+$C$6)*F795+($C$7*G795) -> 0.11855872 | H796: =LN((1/SQRT(2*PI()*G796))*EXP(-0.5*E796/G796)) -> 0.10197994
B797: 44237 | C797: 233.86749 | D797: =(C797-C796)/C796 -> -0.0064447674 | E797: =D797^2*252 -> 0.010466827 | F797: =E796 -> 0.010730751 | G797: =($C$5+$C$6)*F796+($C$7*G796) -> 0.11035929 | H797: =LN((1/SQRT(2*PI()*G797))*EXP(-0.5*E797/G797)) -> 0.13564685
B798: 44238 | C798: 231.05154 | D798: =(C798-C797)/C797 -> -0.012040786 | E798: =D798^2*252 -> 0.036535094 | F798: =E797 -> 0.010466827 | G798: =($C$5+$C$6)*F797+($C$7*G797) -> 0.10133524 | H798: =LN((1/SQRT(2*PI()*G798))*EXP(-0.5*E798/G798)) -> 0.045453527
B799: 44239 | C799: 238.8999 | D799: =(C799-C798)/C798 -> 0.033967997 | E799: =D799^2*252 -> 0.29076385 | F799: =E798 -> 0.036535094 | G799: =($C$5+$C$6)*F798+($C$7*G798) -> 0.093128552 | H799: =LN((1/SQRT(2*PI()*G799))*EXP(-0.5*E799/G799)) -> -1.29314
... B806: 44251 | C806: 236.22923 | D806: =(C806-C805)/C805 -> 0.021324792 | E806: =D806^2*252 -> 0.11459618 | F806: =E805 -> 6.2103875e-06 | G806: =($C$5+$C$6)*F805+($C$7*G805) -> 0.080393798 | H806: =LN((1/SQRT(2*PI()*G806))*EXP(-0.5*E806/G806)) -> -0.37124722
B807: 44252 | C807: 230.92444 | D807: =(C807-C806)/C806 -> -0.02245613 | E807: =D807^2*252 -> 0.127078 | F807: =E806 -> 0.11459618 | G807: =($C$5+$C$6)*F806+($C$7*G806) -> 0.072808366
B808: 44253 | C808: 231.17877 | D808: =(C808-C807)/C807 -> 0.0011013711 | E808: =D808^2*252 -> 0.0003056806 | F808: =E807 -> 0.127078 | G808: =($C$5+$C$6)*F807+($C$7*G807) -> 0.0807803 | H808: =LN((1/SQRT(2*PI()*G808))*EXP(-0.5*E808/G808)) -> 0.3371805
B809: 44256 | C809: 238.07326 | D809: =(C809-C808)/C808 -> 0.029823177 | E809: =D809^2*252 -> 0.22413432 | F809: =E808 -> 0.0003056806 | G809: =($C$5+$C$6)*F808+($C$7*G808) -> 0.089616606 | H809: =LN((1/SQRT(2*PI()*G809))*EXP(-0.5*E809/G809)) -> -0.96334899
B810: 44257 | C810: 235.81137 | D810: =(C810-C809)/C809 -> -0.0095008008 | E810: =D810^2*252 -> 0.022746834 | F810: =E809 -> 0.22413432 | G810: =($C$5+$C$6)*F809+($C$7*G809) -> 0.081199665 | H810: =LN((1/SQRT(2*PI()*G810))*EXP(-0.5*E810/G810)) -> 0.19641625
B811: 44258 | C811: 235.05748 | D811: =(C811-C810)/C810 -> -0.0031970086 | E811: =D811^2*252 -> 0.0025756578 | F811: =E810 -> 0.022746834 | G811: =($C$5+$C$6)*F810+($C$7*G810) -> 0.10256704 | H811: =LN((1/SQRT(2*PI()*G811))*EXP(-0.5*E811/G811)) -> 0.20712484
B812: 44259 | C812: 227.36362 | D812: =(C812-C811)/C811 -> -0.032731836 | E812: =D812^2*252 -> 0.26998602 | F812: =E811 -> 0.0025756578 | G812: =($C$5+$C$6)*F811+($C$7*G811) -> 0.095834603 | H812: =LN((1/SQRT(2*PI()*G812))*EXP(-0.5*E812/G812)) -> -1.1549769
B813: 44260 | C813: 234.32164 | D813: =(C813-C812)/C812 -> 0.030603063 | E813: =D813^2*252 -> 0.23600996 | F813: =E812 -> 0.26998602 | G813: =($C$5+$C$6)*F812+($C$7*G812) -> 0.087124915 | H813: =LN((1/SQRT(2*PI()*G813))*EXP(-0.5*E813/G813)) -> -1.0531667
B814: 44263 | C814: 228.90277 | D814: =(C814-C813)/C813 -> -0.023125773 | E814: =D814^2*252 -> 0.13476995 | F814: =E813 -> 0.23600996 | G814: =($C$5+$C$6)*F813+($C$7*G813) -> 0.11387183 | H814: =LN((1/SQRT(2*PI()*G814))*EXP(-0.5*E814/G814)) -> -0.42435922
B815: 44264 | C815: 234.89534 | D815: =(C815-C814)/C814 -> 0.026179539 | E815: =D815^2*252 -> 0.1727128 | F815: =E814 -> 0.13476995 | G815: =($C$5+$C$6)*F814+($C$7*G814) -> 0.13369426 | H815: =LN((1/SQRT(2*PI()*G815))*EXP(-0.5*E815/G815)) -> -0.55876318
B816: 44265 | C816: 237.17216 | D816: =(C816-C815)/C815 -> 0.0096929337 | E816: =D816^2*252 -> 0.023676147 | F816: =E815 -> 0.1727128 | G816: =($C$5+$C$6)*F815+($C$7*G815) -> 0.13853368 | H816: =LN((1/SQRT(2*PI()*G816))*EXP(-0.5*E816/G816)) -> -0.016070294
B817: 44266 | C817: 244.52174 | D817: =(C817-C816)/C816 -> 0.03098837 | E817: =D817^2*252 -> 0.24199033 | F817: =E816 -> 0.023676147 | G817: =($C$5+$C$6)*F816+($C$7*G816) -> 0.14783075 | H817: =LN((1/SQRT(2*PI()*G817))*EXP(-0.5*E817/G817)) -> -0.7815658
B818: 44267 | C818: 246.07916 | D818: =(C818-C817)/C817 -> 0.0063692447 | E818: =D818^2*252 -> 0.010222954 | F818: =E817 -> 0.24199033 | G818: =($C$5+$C$6)*F817+($C$7*G817) -> 0.13694744 | H818: =LN((1/SQRT(2*PI()*G818))*EXP(-0.5*E818/G818)) -> 0.037816138
B819: 44270 | C819: 243.05548 | D819: =(C819-C818)/C818 -> -0.012287435 | E819: =D819^2*252 -> 0.038047225 | F819: =E818 -> 0.010222954 | G819: =($C$5+$C$6)*F818+($C$7*G818) -> 0.15536695 | H819: =LN((1/SQRT(2*PI()*G819))*EXP(-0.5*E819/G819)) -> -0.11039887
... B911: 44403 | C911: 271.61279 | D911: =(C911-C910)/C910 -> 0.0014474516 | E911: =D911^2*252 -> 0.00052796924 | F911: =E910 -> 0.0005798662 | G911: =($C$5+$C$6)*F910+($C$7*G910) -> 0.040350036 | H911: =LN((1/SQRT(2*PI()*G911))*EXP(-0.5*E911/G911)) -> 0.67960059
B912: 44404 | C912: 258.03671 | D912: =(C912-C911)/C911 -> -0.049983214 | E912: =D912^2*252 -> 0.62957706 | F912: =E911 -> 0.00052796924 | G912: =($C$5+$C$6)*F911+($C$7*G911) -> 0.036617571
B913: 44405 | C913: 257.3063 | D913: =(C913-C912)/C912 -> -0.0028306349 | E913: =D913^2*252 -> 0.0020191484 | F913: =E912 -> 0.62957706 | G913: =($C$5+$C$6)*F912+($C$7*G912) -> 0.033230593 | H913: =LN((1/SQRT(2*PI()*G913))*EXP(-0.5*E913/G913)) -> 0.75282278
B914: 44406 | C914: 257.38852 | D914: =(C914-C913)/C913 -> 0.0003195194 | E914: =D914^2*252 -> 2.5727347e-05 | F914: =E913 -> 0.0020191484 | G914: =($C$5+$C$6)*F913+($C$7*G913) -> 0.11163703 | H914: =LN((1/SQRT(2*PI()*G914))*EXP(-0.5*E914/G914)) -> 0.17719748
...

Sheet GARCH
A1: 46071 | E1: GARCH Model (linked model) | K1: Mohanad Assali
A2: GARCH | B2: Historical | L2: trading days = 252
C5: Tickers | E5: Standard Deviation | H5: Annualized Volatility | K5: Difference
E6: Daily | F6: Monthly | H6: Daily | I6: Monthly
C7: AAPL | E7: =Daily!O6 -> 0.019363339 | F7: =Monthly!O6 -> 0.082158082 | H7: =E7*SQRT(252) -> 0.30738348 | I7: =F7*SQRT(12) -> 0.28460395 | K7: =(H7-I7)/I7 -> 0.08003941
C8: CMI | E8: =Daily!P6 -> 0.018226902 | F8: =Monthly!P6 -> 0.078109895 | H8: =E8*SQRT(252) -> 0.2893431 | I8: =F8*SQRT(12) -> 0.27058061 | K8: =(H8-I8)/I8 -> 0.069341593
C9: COST | E9: =Daily!Q6 -> 0.0143284 | F9: =Monthly!Q6 -> 0.061088797 | H9: =E9*SQRT(252) -> 0.22745629 | I9: =F9*SQRT(12) -> 0.2116178 | K9: =(H9-I9)/I9 -> 0.074844801
C10: FDX | E10: =Daily!R6 -> 0.022057283 | F10: =Monthly!R6 -> 0.098229052 | H10: =E10*SQRT(252) -> 0.35014851 | I10: =F10*SQRT(12) -> 0.34027542 | K10: =(H10-I10)/I10 -> 0.029015012
C11: IBM | E11: =Daily!S6 -> 0.016756659 | F11: =Monthly!S6 -> 0.077759915 | H11: =E11*SQRT(252) -> 0.26600371 | I11: =F11*SQRT(12) -> 0.26936825 | K11: =(H11-I11)/I11 -> -0.012490472
C12: KO | E12: =Daily!T6 -> 0.012161947 | F12: =Monthly!T6 -> 0.051729292 | H12: =E12*SQRT(252) -> 0.19306492 | I12: =F12*SQRT(12) -> 0.17919552 | K12: =(H12-I12)/I12 -> 0.077398135
C13: LLY | E13: =Daily!U6 -> 0.019959626 | F13: =Monthly!U6 -> 0.085080085 | H13: =E13*SQRT(252) -> 0.31684924 | I13: =F13*SQRT(12) -> 0.29472606 | K13: =(H13-I13)/I13 -> 0.07506354
C14: MCD | E14: =Daily!V6 -> 0.013568087 | F14: =Monthly!V6 -> 0.050849489 | H14: =E14*SQRT(252) -> 0.21538671 | I14: =F14*SQRT(12) -> 0.1761478 | K14: =(H14-I14)/I14 -> 0.22276128
C15: NVDA | E15: =Daily!W6 -> 0.032188281 | F15: =Monthly!W6 -> 0.1375122 | H15: =E15*SQRT(252) -> 0.51097312 | I15: =F15*SQRT(12) -> 0.47635625 | K15: =(H15-I15)/I15 -> 0.072670132
C16: OXY | E16: =Daily!X6 -> 0.033271371 | F16: =Monthly!X6 -> 0.16166537 | H16: =E16*SQRT(252) -> 0.52816665 | I16: =F16*SQRT(12) -> 0.56002528 | K16: =(H16-I16)/I16 -> -0.056887839
C17: SPX | E17: =Daily!Y6 -> 0.012288328 | F17: =Monthly!Y6 -> 0.04715625 | H17: =E17*SQRT(252) -> 0.19507116 | I17: =F17*SQRT(12) -> 0.16335404 | K17: =(H17-I17)/I17 -> 0.1941618

Sheet Daily
A2: Daily | E2: Data fetched using python (yfinance)
O5: Standard Deviation (Daily)
O6: =STDEV(O14:O2054) -> 0.019363339 | P6: =STDEV(P14:P2054) -> 0.018226902 | Q6: =STDEV(Q14:Q2054) -> 0.0143284 | R6: =STDEV(R14:R2054) -> 0.022057283 | S6: =STDEV(S14:S2054) -> 0.016756659 | T6: =STDEV(T14:T2054) -> 0.012161947 | U6: =STDEV(U14:U2054) -> 0.019959626 | V6: =STDEV(V14:V2054) -> 0.013568087 | ... Y6: =STDEV(Y14:Y2054) -> 0.012288328
B10: Daily Close price 2018-2026 | O10: Returns d/d
B11: Date | C11: AAPL | D11: CMI | E11: COST | F11: FDX | G11: IBM | H11: KO | I11: LLY | J11: MCD | K11: NVDA | L11: OXY | M11: SPX | O11: AAPL | P11: CMI | Q11: COST | R11: FDX | S11: IBM | T11: KO | U11: LLY | V11: MCD | W11: NVDA | X11: OXY | Y11: SPX
B13: 43102 | C13: 40.304165 | D13: 143.59961 | E13: 168.49821 | F13: 224.5699 | G13: 103.41283 | H13: 35.492737 | I13: 75.026703 | J13: 143.57916 | K13: 4.9285316 | L13: 60.578079 | M13: 2695.8101
B14: 43103 | C14: 40.297165 | D14: 145.18114 | E14: 170.52028 | F14: 227.37703 | G14: 106.25542 | H14: 35.414787 | I14: 75.434265 | J14: 142.97406 | K14: 5.2528987 | L14: 61.413322 | M14: 2713.0601 | O14: =(C14-C13)/C13 -> -0.00017367856 | P14: =(D14-D13)/D13 -> 0.011013454 | Q14: =(E14-E13)/E13 -> 0.012000508 | R14: =(F14-F13)/F13 -> 0.012500023 | S14: =(G14-G13)/G13 -> 0.027487793 | T14: =(H14-H13)/H13 -> -0.0021962106 | U14: =(I14-I13)/I13 -> 0.0054322293 | V14: =(J14-J13)/J13 -> -0.0042144175 | ... Y14: =(M14-M13)/M13 -> 0.0063988188
B15: 43104 | C15: 40.484341 | D15: 147.40337 | E15: 169.19606 | F15: 230.91647 | G15: 108.40749 | H15: 35.913597 | I15: 75.770943 | J15: 143.97704 | K15: 5.2805886 | L15: 61.380558 | M15: 2723.99 | O15: =(C15-C14)/C14 -> 0.0046448863 | P15: =(D15-D14)/D14 -> 0.015306596 | Q15: =(E15-E14)/E14 -> -0.0077657552 | R15: =(F15-F14)/F14 -> 0.01556641 | S15: =(G15-G14)/G14 -> 0.020253735 | T15: =(H15-H14)/H14 -> 0.014084789 | U15: =(I15-I14)/I14 -> 0.0044631912 | V15: =(J15-J14)/J14 -> 0.007015087 | ... Y15: =(M15-M14)/M14 -> 0.0040286361
B16: 43105 | C16: 40.945271 | D16: 147.16812 | E16: 167.98816 | F16: 231.82309 | G16: 108.93707 | H16: 35.905811 | I16: 76.701233 | J16: 144.26715 | K16: 5.3253388 | L16: 61.044834 | M16: 2743.1499 | O16: =(C16-C15)/C15 -> 0.011385387 | P16: =(D16-D15)/D15 -> -0.0015959252 | Q16: =(E16-E15)/E15 -> -0.007139061 | R16: =(F16-F15)/F15 -> 0.0039261652 | S16: =(G16-G15)/G15 -> 0.0048850793 | T16: =(H16-H15)/H15 -> -0.00021679246 | U16: =(I16-I15)/I15 -> 0.012277665 | V16: =(J16-J15)/J15 -> 0.0020150113 | ... Y16: =(M16-M15)/M15 -> 0.0070337674
B17: 43108 | C17: 40.793186 | D17: 147.70337 | E17: 168.64134 | F17: 234.21175 | G17: 109.59411 | H17: 35.85125 | I17: 76.311417 | J17: 144.16765 | K17: 5.4885087 | L17: 61.568893 | M17: 2747.71 | O17: =(C17-C16)/C16 -> -0.0037143325 | P17: =(D17-D16)/D16 -> 0.003636982 | Q17: =(E17-E16)/E16 -> 0.003888268 | R17: =(F17-F16)/F16 -> 0.010303791 | S17: =(G17-G16)/G16 -> 0.0060314041 | T17: =(H17-H16)/H16 -> -0.0015195762 | U17: =(I17-I16)/I16 -> -0.0050822688 | V17: =(J17-J16)/J16 -> -0.00068971046 | ... Y17: =(M17-M16)/M16 -> 0.0016623439
B18: 43109 | C18: 40.788483 | D18: 147.57362 | E18: 166.68184 | F18: 233.41849 | G18: 109.83551 | H18: 36.030506 | I18: 76.24939 | J18: 143.84442 | K18: 5.4870272 | L18: 61.323231 | M18: 2751.29 | O18: =(C18-C17)/C17 -> -0.00011530165 | P18: =(D18-D17)/D17 -> -0.00087841925 | Q18: =(E18-E17)/E17 -> -0.011619352 | R18: =(F18-F17)/F17 -> -0.0033869295 | S18: =(G18-G17)/G17 -> 0.0022026884 | T18: =(H18-H17)/H17 -> 0.0050000053 | U18: =(I18-I17)/I17 -> -0.00081281387 | V18: =(J18-J17)/J17 -> -0.0022420212 | ... Y18: =(M18-M17)/M17 -> 0.0013029316
B19: 43110 | C19: 40.779133 | D19: 146.43819 | E19: 165.9034 | F19: 233.64519 | G19: 110.07013 | H19: 35.905811 | I19: 76.284828 | J19: 143.81953 | K19: 5.5300446 | L19: 60.799179 | M19: 2748.23 | O19: =(C19-C18)/C18 -> -0.00022922704 | P19: =(D19-D18)/D18 -> -0.0076940376 | Q19: =(E19-E18)/E18 -> -0.0046702291 | R19: =(F19-F18)/F18 -> 0.00097121625 | S19: =(G19-G18)/G18 -> 0.0021360955 | T19: =(H19-H18)/H18 -> -0.0034608125 | U19: =(I19-I18)/I18 -> 0.00046477143 | V19: =(J19-J18)/J18 -> -0.0001730139 | ... Y19: =(M19-M18)/M18 -> -0.0011122268
B20: 43111 | C20: 41.010773 | D20: 149.14702 | E20: 169.44661 | F20: 236.41742 | G20: 110.08354 | H20: 35.882416 | I20: 76.541771 | J20: 143.72008 | K20: 5.5399327 | L20: 62.08474 | M20: 2767.5601 | O20: =(C20-C19)/C19 -> 0.0056803528 | P20: =(D20-D19)/D19 -> 0.018498124 | Q20: =(E20-E19)/E19 -> 0.021357085 | R20: =(F20-F19)/F19 -> 0.011865137 | S20: =(G20-G19)/G19 -> 0.00012185391 | T20: =(H20-H19)/H19 -> -0.00065158083 | U20: =(I20-I19)/I19 -> 0.0033682025 | V20: =(J20-J19)/J19 -> -0.00069153879 | ... Y20: =(M20-M19)/M19 -> 0.0070336465
B21: 43112 | C21: 41.434261 | D21: 149.37411 | E21: 171.64767 | F21: 236.99281 | G21: 109.37288 | H21: 35.968159 | I21: 77.064529 | J21: 143.86926 | K21: 5.5127378 | L21: 62.66613 | M21: 2786.24 | O21: =(C21-C20)/C20 -> 0.010326277 | P21: =(D21-D20)/D20 -> 0.0015226356 | Q21: =(E21-E20)/E20 -> 0.012989726 | R21: =(F21-F20)/F20 -> 0.0024338041 | S21: =(G21-G20)/G20 -> -0.0064556684 | T21: =(H21-H20)/H20 -> 0.0023895535 | U21: =(I21-I20)/I20 -> 0.006829715 | V21: =(J21-J20)/J20 -> 0.001038026 | ... Y21: =(M21-M20)/M20 -> 0.006749603
B22: 43116 | C22: 41.223698 | D22: 148.05215 | E22: 171.37029 | F22: 235.01384 | G22: 109.84888 | H22: 36.26432 | I22: 75.567177 | J22: 143.96046 | K22: 5.441783 | L22: 61.634407 | M22: 2776.4199 | O22: =(C22-C21)/C21 -> -0.0050818731 | P22: =(D22-D21)/D21 -> -0.0088499969 | Q22: =(E22-E21)/E21 -> -0.0016160401 | R22: =(F22-F21)/F21 -> -0.0083503519 | S22: =(G22-G21)/G21 -> 0.0043521352 | T22: =(H22-H21)/H21 -> 0.0082339953 | U22: =(I22-I21)/I21 -> -0.019429855 | V22: =(J22-J21)/J21 -> 0.00063392125 | ... Y22: =(M22-M21)/M21 -> -0.0035244876
B23: 43117 | C23: 41.90456 | D23: 148.97672 | E23: 172.05026 | F23: 236.67888 | G23: 113.0669 | H23: 36.49033 | I23: 76.382286 | J23: 145.03795 | K23: 5.5557556 | L23: 62.117508 | M23: 2802.5601 | O23: =(C23-C22)/C22 -> 0.016516287 | P23: =(D23-D22)/D22 -> 0.0062448301 | Q23: =(E23-E22)/E22 -> 0.003967884 | R23: =(F23-F22)/F22 -> 0.0070848554 | S23: =(G23-G22)/G22 -> 0.02929495 | T23: =(H23-H22)/H22 -> 0.0062322792 | U23: =(I23-I22)/I22 -> 0.010786552 | V23: =(J23-J22)/J22 -> 0.0074845836 | ... Y23: =(M23-M22)/M22 -> 0.0094150516
B24: 43118 | C24: 41.94199 | D24: 149.00105 | E24: 171.35243 | F24: 237.28046 | G24: 113.382 | H24: 36.53709 | I24: 76.036728 | J24: 144.69815 | K24: 5.5488334 | L24: 61.732662 | M24: 2798.03 | O24: =(C24-C23)/C23 -> 0.00089321567 | P24: =(D24-D23)/D23 -> 0.00016336626 | Q24: =(E24-E23)/E23 -> -0.0040559671 | R24: =(F24-F23)/F23 -> 0.0025417467 | S24: =(G24-G23)/G23 -> 0.00278686 | T24: =(H24-H23)/H23 -> 0.0012814507 | U24: =(I24-I23)/I23 -> -0.0045240616 | V24: =(J24-J23)/J23 -> -0.0023428212 | ... Y24: =(M24-M23)/M23 -> -0.0016163897
B25: 43119 | C25: 41.754818 | D25: 153.34811 | E25: 172.05026 | F25: 239.14603 | G25: 108.85666 | H25: 36.755325 | I25: 75.744362 | J25: 145.98291 | K25: 5.6890135 | L25: 61.863678 | M25: 2810.3 | O25: =(C25-C24)/C24 -> -0.0044626384 | P25: =(D25-D24)/D24 -> 0.029174701 | Q25: =(E25-E24)/E24 -> 0.0040724849 | R25: =(F25-F24)/F24 -> 0.0078622997 | S25: =(G25-G24)/G24 -> -0.039912373 | T25: =(H25-H24)/H24 -> 0.005972972 | U25: =(I25-I24)/I24 -> -0.0038450632 | V25: =(J25-J24)/J24 -> 0.0088788939 | ... Y25: =(M25-M24)/M24 -> 0.0043852351
... B2054: 46070 | C2054: 258.66 | D2054: 590.23999 | E2054: 1022.0581 | F2054: 376.35999 | G2054: 257.465 | H2054: 79.300003 | I2054: 1064.635 | J2054: 330.92001 | K2054: 179.81 | L2054: 45.48 | M2054: 6836.75 | O2054: =(C2054-C2053)/C2053 -> 0.011259695 | P2054: =(D2054-D2053)/D2053 -> -0.017919867 | Q2054: =(E2054-E2053)/E2053 -> 0.0035132011 | R2054: =(F2054-F2053)/F2053 -> 0.0043765588 | S2054: =(G2054-G2053)/G2053 -> -0.018732405 | T2054: =(H2054-H2053)/H2053 -> 0.0078800552 | U2054: =(I2054-I2053)/I2053 -> 0.023687509 | V2054: =(J2054-J2053)/J2053 -> 0.010196065 | ... Y2054: =(M2054-M2053)/M2053 -> 8.4854258e-05

Sheet Monthly
A2: Monthly | E2: Data fetched using python (yfinance)
O5: Standard Deviation (Monthly)
O6: =STDEV(O14:O110) -> 0.082158082 | P6: =STDEV(P14:P110) -> 0.078109895 | Q6: =STDEV(Q14:Q110) -> 0.061088797 | R6: =STDEV(R14:R110) -> 0.098229052 | S6: =STDEV(S14:S110) -> 0.077759915 | T6: =STDEV(T14:T110) -> 0.051729292 | U6: =STDEV(U14:U110) -> 0.085080085 | V6: =STDEV(V14:V110) -> 0.050849489 | ... Y6: =STDEV(Y14:Y110) -> 0.04715625
B10: Monthly Close price 2018-2026 | O10: Returns m/m
B11: Date | C11: AAPL | D11: CMI | E11: COST | F11: FDX | G11: IBM | H11: KO | I11: LLY | J11: MCD | K11: NVDA | L11: OXY | M11: ^SPX | O11: AAPL | P11: CMI | Q11: COST | R11: FDX | S11: IBM | T11: KO | U11: LLY | V11: MCD | W11: NVDA | X11: OXY | Y11: ^SPX
B13: 43101 | C13: 39.174095 | D13: 152.47218 | E13: 174.35876 | F13: 228.82422 | G13: 109.74837 | H13: 37.090454 | I13: 72.164925 | J13: 141.85507 | K13: 6.0769162 | L13: 61.388741 | M13: 2823.8101
B14: 43132 | C14: 41.675259 | D14: 136.38965 | E14: 170.80658 | F14: 214.81473 | G14: 104.47208 | H14: 33.684586 | I14: 68.239922 | J14: 130.74806 | K14: 5.9829698 | L14: 53.71616 | M14: 2713.8301 | O14: =(C14-C13)/C13 -> 0.063847384 | P14: =(D14-D13)/D13 -> -0.10547848 | Q14: =(E14-E13)/E13 -> -0.020372851 | R14: =(F14-F13)/F13 -> -0.061223812 | S14: =(G14-G13)/G13 -> -0.048076259 | T14: =(H14-H13)/H13 -> -0.091826013 | U14: =(I14-I13)/I13 -> -0.054389346 | V14: =(J14-J13)/J13 -> -0.078298292 | ... Y14: =(M14-M13)/M13 -> -0.038947372
B15: 43160 | C15: 39.416019 | D15: 132.31802 | E15: 169.04776 | F15: 209.32251 | G15: 103.87585 | H15: 33.848255 | I15: 69.060219 | J15: 130.44086 | K15: 5.7291603 | L15: 53.192116 | M15: 2640.8701 | O15: =(C15-C14)/C14 -> -0.054210562 | P15: =(D15-D14)/D14 -> -0.029852887 | Q15: =(E15-E14)/E14 -> -0.010297142 | R15: =(F15-F14)/F14 -> -0.025567232 | S15: =(G15-G14)/G14 -> -0.0057069979 | T15: =(H15-H14)/H14 -> 0.0048588867 | U15: =(I15-I14)/I14 -> 0.012020782 | V15: =(J15-J14)/J14 -> -0.0023495966 | ... Y15: =(M15-M14)/M14 -> -0.026884499
B16: 43191 | C16: 38.824024 | D16: 130.49759 | E16: 176.87975 | F16: 215.95244 | G16: 98.141441 | H16: 33.974068 | I16: 72.362801 | J16: 139.66621 | K16: 5.5636611 | L16: 64.020073 | M16: 2648.05 | O16: =(C16-C15)/C15 -> -0.015019153 | P16: =(D16-D15)/D15 -> -0.013758024 | Q16: =(E16-E15)/E15 -> 0.046330016 | R16: =(F16-F15)/F15 -> 0.031673271 | S16: =(G16-G15)/G15 -> -0.055204486 | T16: =(H16-H15)/H15 -> 0.0037169576 | U16: =(I16-I15)/I15 -> 0.047821768 | V16: =(J16-J15)/J15 -> 0.070724444 | ... Y16: =(M16-M15)/M15 -> 0.002718775
B17: 43221 | C17: 43.900784 | D17: 116.23642 | E17: 177.84872 | F17: 217.62973 | G17: 95.670303 | H17: 33.808968 | I17: 75.906448 | J17: 133.46867 | K17: 6.2387714 | L17: 69.770752 | M17: 2705.27 | O17: =(C17-C16)/C16 -> 0.13076335 | P17: =(D17-D16)/D16 -> -0.10928301 | Q17: =(E17-E16)/E16 -> 0.0054781789 | R17: =(F17-F16)/F16 -> 0.0077669504 | S17: =(G17-G16)/G16 -> -0.025179353 | T17: =(H17-H16)/H16 -> -0.0048595917 | U17: =(I17-I16)/I16 -> 0.048970572 | V17: =(J17-J16)/J16 -> -0.044373941 | ... Y17: =(M17-M16)/M16 -> 0.021608342
B18: 43252 | C18: 43.654991 | D18: 109.37373 | E18: 188.03061 | F18: 198.35826 | G18: 95.630211 | H18: 34.485142 | I18: 76.690468 | J18: 130.69934 | K18: 5.8641467 | L18: 69.33992 | M18: 2718.3701 | O18: =(C18-C17)/C17 -> -0.0055988155 | P18: =(D18-D17)/D17 -> -0.059040822 | Q18: =(E18-E17)/E17 -> 0.057250255 | R18: =(F18-F17)/F17 -> -0.088551638 | S18: =(G18-G17)/G17 -> -0.0004190691 | T18: =(H18-H17)/H17 -> 0.019999847 | U18: =(I18-I17)/I17 -> 0.01032876 | V18: =(J18-J17)/J17 -> -0.020748935 | ... Y18: =(M18-M17)/M17 -> 0.0048424363
B19: 43282 | C19: 44.87661 | D19: 117.44107 | E19: 196.78526 | F19: 215.35794 | G19: 99.210381 | H19: 36.989594 | I19: 88.805649 | J19: 132.24309 | K19: 6.0611858 | L19: 70.171867 | M19: 2816.29 | O19: =(C19-C18)/C18 -> 0.027983482 | P19: =(D19-D18)/D18 -> 0.073759439 | Q19: =(E19-E18)/E18 -> 0.046559728 | R19: =(F19-F18)/F18 -> 0.085701899 | S19: =(G19-G18)/G18 -> 0.037437643 | T19: =(H19-H18)/H18 -> 0.072624082 | U19: =(I19-I18)/I18 -> 0.15797506 | V19: =(J19-J18)/J18 -> 0.011811436 | ... Y19: =(M19-M18)/M18 -> 0.036021556
B20: 43313 | C20: 53.682617 | D20: 116.61048 | E20: 209.75974 | F20: 213.67622 | G20: 100.2714 | H20: 35.355473 | I20: 94.953125 | J20: 136.18002 | K20: 6.9478621 | L20: 66.777397 | M20: 2901.52 | O20: =(C20-C19)/C19 -> 0.19622711 | P20: =(D20-D19)/D19 -> -0.0070723921 | Q20: =(E20-E19)/E19 -> 0.065932133 | R20: =(F20-F19)/F19 -> -0.0078089385 | S20: =(G20-G19)/G19 -> 0.010694646 | T20: =(H20-H19)/H19 -> -0.044177856 | U20: =(I20-I19)/I19 -> 0.069223932 | V20: =(J20-J19)/J19 -> 0.029770444 | ... Y20: =(M20-M19)/M19 -> 0.030263211
B21: 43344 | C21: 53.423592 | D21: 121.07131 | E21: 211.85892 | F21: 210.90837 | G21: 104.62755 | H21: 36.640553 | I21: 96.978012 | J21: 141.30414 | K21: 6.9600825 | L21: 68.70034 | M21: 2913.98 | O21: =(C21-C20)/C20 -> -0.0048251294 | P21: =(D21-D20)/D20 -> 0.038254114 | Q21: =(E21-E20)/E20 -> 0.010007555 | R21: =(F21-F20)/F20 -> -0.01295349 | S21: =(G21-G20)/G20 -> 0.043443572 | T21: =(H21-H20)/H20 -> 0.036347413 | U21: =(I21-I20)/I20 -> 0.021325123 | V21: =(J21-J20)/J20 -> 0.037627509 | ... Y21: =(M21-M20)/M20 -> 0.0042942874
B22: 43374 | C22: 51.795368 | D22: 113.29658 | E22: 206.22147 | F22: 193.50705 | G22: 79.870102 | H22: 38.304222 | I22: 97.999237 | J22: 149.42139 | K22: 5.2216725 | L22: 56.645195 | M22: 2711.74 | O22: =(C22-C21)/C21 -> -0.030477611 | P22: =(D22-D21)/D21 -> -0.064216158 | Q22: =(E22-E21)/E21 -> -0.026609459 | R22: =(F22-F21)/F21 -> -0.082506547 | S22: =(G22-G21)/G21 -> -0.23662455 | T22: =(H22-H21)/H21 -> 0.045405145 | U22: =(I22-I21)/I21 -> 0.01053048 | V22: =(J22-J21)/J21 -> 0.057445229 | ... Y22: =(M22-M21)/M21 -> -0.069403356
B23: 43405 | C23: 42.262707 | D23: 125.20728 | E23: 208.61172 | F23: 201.11241 | G23: 85.986832 | H23: 40.320251 | I23: 107.21715 | J23: 159.22792 | K23: 4.0477071 | L23: 59.347809 | M23: 2760.1699 | O23: =(C23-C22)/C22 -> -0.18404467 | P23: =(D23-D22)/D22 -> 0.10512856 | Q23: =(E23-E22)/E22 -> 0.011590737 | R23: =(F23-F22)/F22 -> 0.039302764 | S23: =(G23-G22)/G22 -> 0.076583472 | T23: =(H23-H22)/H22 -> 0.05263204 | U23: =(I23-I22)/I22 -> 0.094061046 | V23: =(J23-J22)/J22 -> 0.065630055 | ... Y23: =(M23-M22)/M22 -> 0.017859357
B24: 43435 | C24: 37.460979 | D24: 111.6494 | E24: 184.18066 | F24: 141.68327 | G24: 79.654037 | H24: 38.179764 | I24: 105.10482 | J24: 150.91231 | K24: 3.3097322 | L24: 51.839607 | M24: 2506.8501 | O24: =(C24-C23)/C23 -> -0.11361618 | P24: =(D24-D23)/D23 -> -0.10828351 | Q24: =(E24-E23)/E23 -> -0.1171126 | R24: =(F24-F23)/F23 -> -0.29550209 | S24: =(G24-G23)/G23 -> -0.073648419 | T24: =(H24-H23)/H23 -> -0.053087161 | U24: =(I24-I23)/I23 -> -0.019701397 | V24: =(J24-J23)/J23 -> -0.05222459 | ... Y24: =(M24-M23)/M23 -> -0.091776895
B25: 43466 | C25: 39.527103 | D25: 122.9029 | E25: 194.05382 | F25: 156.41837 | G25: 94.194565 | H25: 38.808712 | I25: 108.86502 | J25: 151.94064 | K25: 3.5638497 | L25: 57.059433 | M25: 2704.1001 | O25: =(C25-C24)/C24 -> 0.055154029 | P25: =(D25-D24)/D24 -> 0.10079322 | Q25: =(E25-E24)/E24 -> 0.05360581 | R25: =(F25-F24)/F24 -> 0.10400022 | S25: =(G25-G24)/G24 -> 0.18254602 | T25: =(H25-H24)/H24 -> 0.01647334 | U25: =(I25-I24)/I24 -> 0.035775719 | V25: =(J25-J24)/J24 -> 0.0068141266 | ... Y25: =(M25-M24)/M24 -> 0.078684402
... B110: 46054 | C110: 258.62 | D110: 590.23999 | E110: 1022.0581 | F110: 376.35999 | G110: 257.60999 | H110: 79.305 | I110: 1064.635 | J110: 330.92001 | K110: 179.92999 | L110: 45.48 | M110: 6836.75 | O110: =(C110-C109)/C109 -> -0.0023817226 | P110: =(D110-D109)/D109 -> 0.019729765 | Q110: =(E110-E109)/E109 -> 0.08849178 | R110: =(F110-F109)/F109 -> 0.16791307 | S110: =(G110-G109)/G109 -> -0.15526984 | T110: =(H110-H109)/H109 -> 0.060085589 | U110: =(I110-I109)/I109 -> 0.028213751 | V110: =(J110-J109)/J109 -> 0.050539725 | ... Y110: =(M110-M109)/M109 -> -0.014739782
